{
  "destination": {
    "precision": 0.75,
    "recall": 1.0,
    "f1-score": 0.8571428571428571,
    "support": 6
  },
  "source": {
    "precision": 1.0,
    "recall": 0.6666666666666666,
    "f1-score": 0.8,
    "support": 6
  },
  "micro avg": {
    "precision": 0.8333333333333334,
    "recall": 0.8333333333333334,
    "f1-score": 0.8333333333333334,
    "support": 12
  },
  "macro avg": {
    "precision": 0.875,
    "recall": 0.8333333333333333,
    "f1-score": 0.8285714285714285,
    "support": 12
  },
  "weighted avg": {
    "precision": 0.875,
    "recall": 0.8333333333333334,
    "f1-score": 0.8285714285714286,
    "support": 12
  }
}